fixture_id,league,home_team,away_team,source_fixture_date,scheduled_kickoff_utc,scheduled_kickoff_ist,selected_matchday_date,discovery_status,prediction_status
420581845,Premier League,Hull City,Manchester United,2026-08-22,2026-08-22T11:30:00.000000Z,2026-08-22 05:00 PM IST,2026-08-22,MATCHES_SOURCE_DATE,SUCCESS
420582048,Premier League,Nottingham Forest,Leeds United,2026-08-22,2026-08-22T14:00:00.000000Z,2026-08-22 07:30 PM IST,2026-08-22,MATCHES_SOURCE_DATE,SUCCESS
420582049,Premier League,Ipswich Town,Sunderland,2026-08-22,2026-08-22T14:00:00.000000Z,2026-08-22 07:30 PM IST,2026-08-22,MATCHES_SOURCE_DATE,SUCCESS
420582050,Premier League,Everton,Crystal Palace,2026-08-22,2026-08-22T14:00:00.000000Z,2026-08-22 07:30 PM IST,2026-08-22,MATCHES_SOURCE_DATE,SUCCESS
420582189,La Liga,Athletic Club,Sevilla,2026-08-22,2026-08-22T15:00:00.000000Z,2026-08-22 08:30 PM IST,2026-08-22,MATCHES_SOURCE_DATE,SUCCESS
420582220,Ligue 1,Lens,Auxerre,2026-08-22,2026-08-22T15:15:00.000000Z,2026-08-22 08:45 PM IST,2026-08-22,MATCHES_SOURCE_DATE,SUCCESS
420582256,Premier League,Brentford,Tottenham Hotspur,2026-08-22,2026-08-22T16:30:00.000000Z,2026-08-22 10:00 PM IST,2026-08-22,MATCHES_SOURCE_DATE,SUCCESS
420582255,Serie A,Inter,Monza,2026-08-22,2026-08-22T16:30:00.000000Z,2026-08-22 10:00 PM IST,2026-08-22,MATCHES_SOURCE_DATE,SUCCESS
420582254,Serie A,Udinese,Como,2026-08-22,2026-08-22T16:30:00.000000Z,2026-08-22 10:00 PM IST,2026-08-22,MATCHES_SOURCE_DATE,SUCCESS
420582269,La Liga,Valencia,Celta de Vigo,2026-08-22,2026-08-22T17:30:00.000000Z,2026-08-22 11:00 PM IST,2026-08-22,MATCHES_SOURCE_DATE,SUCCESS
420582302,Serie A,Genoa,Napoli,2026-08-22,2026-08-22T18:45:00.000000Z,2026-08-23 12:15 AM IST,2026-08-22,MATCHES_SOURCE_DATE,SUCCESS
420582303,Ligue 1,Troyes,Paris,2026-08-22,2026-08-22T18:45:00.000000Z,2026-08-23 12:15 AM IST,2026-08-22,MATCHES_SOURCE_DATE,SUCCESS
420582304,Ligue 1,Toulouse,Olympique Lyonnais,2026-08-22,2026-08-22T18:45:00.000000Z,2026-08-23 12:15 AM IST,2026-08-22,MATCHES_SOURCE_DATE,SUCCESS
420582306,Ligue 1,Le Mans,Brest,2026-08-22,2026-08-22T18:45:00.000000Z,2026-08-23 12:15 AM IST,2026-08-22,MATCHES_SOURCE_DATE,SUCCESS
420582301,Serie A,Parma,Cagliari,2026-08-22,2026-08-22T18:45:00.000000Z,2026-08-23 12:15 AM IST,2026-08-22,MATCHES_SOURCE_DATE,SUCCESS
420582305,Ligue 1,Nice,Lorient,2026-08-22,2026-08-22T18:45:00.000000Z,2026-08-23 12:15 AM IST,2026-08-22,MATCHES_SOURCE_DATE,SUCCESS
420582312,La Liga,Espanyol,Real Madrid,2026-08-22,2026-08-22T19:30:00.000000Z,2026-08-23 01:00 AM IST,2026-08-22,MATCHES_SOURCE_DATE,SUCCESS
420583623,Premier League,Brighton & Hove Albion,Aston Villa,2026-08-23,2026-08-23T13:00:00.000000Z,2026-08-23 06:30 PM IST,2026-08-23,MATCHES_SOURCE_DATE,SUCCESS
420583619,Ligue 1,Angers SCO,LOSC Lille,2026-08-23,2026-08-23T13:00:00.000000Z,2026-08-23 06:30 PM IST,2026-08-23,MATCHES_SOURCE_DATE,SUCCESS
420583622,Premier League,Manchester City,AFC Bournemouth,2026-08-23,2026-08-23T13:00:00.000000Z,2026-08-23 06:30 PM IST,2026-08-23,MATCHES_SOURCE_DATE,SUCCESS
420583743,La Liga,Atlético de Madrid,Villarreal,2026-08-23,2026-08-23T15:00:00.000000Z,2026-08-23 08:30 PM IST,2026-08-23,MATCHES_SOURCE_DATE,SUCCESS
420583751,Ligue 1,Le Havre,Monaco,2026-08-23,2026-08-23T15:15:00.000000Z,2026-08-23 08:45 PM IST,2026-08-23,MATCHES_SOURCE_DATE,SUCCESS
420583753,Premier League,Newcastle United,Liverpool,2026-08-23,2026-08-23T15:30:00.000000Z,2026-08-23 09:00 PM IST,2026-08-23,MATCHES_SOURCE_DATE,SUCCESS
420583777,Serie A,Venezia,Lecce,2026-08-23,2026-08-23T16:30:00.000000Z,2026-08-23 10:00 PM IST,2026-08-23,MATCHES_SOURCE_DATE,SUCCESS
420583778,Serie A,Frosinone,Juventus,2026-08-23,2026-08-23T16:30:00.000000Z,2026-08-23 10:00 PM IST,2026-08-23,MATCHES_SOURCE_DATE,SUCCESS
420583789,La Liga,Getafe,Racing Santander,2026-08-23,2026-08-23T17:30:00.000000Z,2026-08-23 11:00 PM IST,2026-08-23,MATCHES_SOURCE_DATE,SUCCESS
420583814,Ligue 1,Rennes,Paris Saint Germain,2026-08-23,2026-08-23T18:45:00.000000Z,2026-08-24 12:15 AM IST,2026-08-23,MATCHES_SOURCE_DATE,SUCCESS
420583812,Serie A,Torino,AC Milan,2026-08-23,2026-08-23T18:45:00.000000Z,2026-08-24 12:15 AM IST,2026-08-23,MATCHES_SOURCE_DATE,SUCCESS
420583813,Serie A,Atalanta,Sassuolo,2026-08-23,2026-08-23T18:45:00.000000Z,2026-08-24 12:15 AM IST,2026-08-23,MATCHES_SOURCE_DATE,SUCCESS
420583819,La Liga,Elche,FC Barcelona,2026-08-23,2026-08-23T19:30:00.000000Z,2026-08-24 01:00 AM IST,2026-08-23,MATCHES_SOURCE_DATE,SUCCESS
420587320,Serie A,Bologna,Lazio,2026-08-24,2026-08-24T16:30:00.000000Z,2026-08-24 10:00 PM IST,2026-08-24,MATCHES_SOURCE_DATE,SUCCESS
420587324,La Liga,Osasuna,Levante,2026-08-24,2026-08-24T17:30:00.000000Z,2026-08-24 11:00 PM IST,2026-08-24,MATCHES_SOURCE_DATE,SUCCESS
420587329,Serie A,Roma,Fiorentina,2026-08-24,2026-08-24T18:45:00.000000Z,2026-08-25 12:15 AM IST,2026-08-24,MATCHES_SOURCE_DATE,SUCCESS
420587333,Premier League,Fulham,Chelsea,2026-08-24,2026-08-24T19:00:00.000000Z,2026-08-25 12:30 AM IST,2026-08-24,MATCHES_SOURCE_DATE,SUCCESS
420587334,La Liga,Málaga,Deportivo A Coruña,2026-08-24,2026-08-24T19:30:00.000000Z,2026-08-25 01:00 AM IST,2026-08-24,MATCHES_SOURCE_DATE,SUCCESS
420591039,La Liga,Valencia,Real Betis,2026-08-25,2026-08-25T19:00:00.000000Z,2026-08-26 12:30 AM IST,2026-08-25,MATCHES_SOURCE_DATE,SUCCESS
