fixture_id,matchup,scheduled_kickoff_utc,data_cutoff_applied,strictly_causal,post_match_leakage_detected,status
420587320,Bologna vs Lazio,2026-08-24T16:30:00.000000Z,2026-08-24T11:51:20.207460+00:00,True,False,PASS (Causal As-Of Snapshot)
420587324,Osasuna vs Levante,2026-08-24T17:30:00.000000Z,2026-08-24T11:51:20.207460+00:00,True,False,PASS (Causal As-Of Snapshot)
420587329,Roma vs Fiorentina,2026-08-24T18:45:00.000000Z,2026-08-24T11:51:20.207460+00:00,True,False,PASS (Causal As-Of Snapshot)
420587333,Fulham vs Chelsea,2026-08-24T19:00:00.000000Z,2026-08-24T11:51:20.207460+00:00,True,False,PASS (Causal As-Of Snapshot)
420587334,Málaga vs Deportivo A Coruña,2026-08-24T19:30:00.000000Z,2026-08-24T11:51:20.207460+00:00,True,False,PASS (Causal As-Of Snapshot)
420591039,Valencia vs Real Betis,2026-08-25T19:00:00.000000Z,2026-08-24T11:51:20.207460+00:00,True,False,PASS (Causal As-Of Snapshot)
420591236,Real Madrid vs Real Sociedad,2026-08-26T19:00:00.000000Z,2026-08-24T11:51:20.207460+00:00,True,False,PASS (Causal As-Of Snapshot)
420579222,Celta de Vigo vs Osasuna,2026-08-27T18:30:00.000000Z,2026-08-24T11:51:20.207460+00:00,True,False,PASS (Causal As-Of Snapshot)
420591557,FC Barcelona vs Athletic Club,2026-08-27T19:00:00.000000Z,2026-08-24T11:51:20.207460+00:00,True,False,PASS (Causal As-Of Snapshot)
420591910,Racing Santander vs Elche,2026-08-28T17:00:00.000000Z,2026-08-24T11:51:20.207460+00:00,True,False,PASS (Causal As-Of Snapshot)
420591966,FC Bayern München vs VfB Stuttgart,2026-08-28T18:30:00.000000Z,2026-08-24T11:51:20.207460+00:00,True,False,PASS (Causal As-Of Snapshot)
420591974,LOSC Lille vs Paris Saint Germain,2026-08-28T18:45:00.000000Z,2026-08-24T11:51:20.207460+00:00,True,False,PASS (Causal As-Of Snapshot)
420591973,AC Milan vs Venezia,2026-08-28T18:45:00.000000Z,2026-08-24T11:51:20.207460+00:00,True,False,PASS (Causal As-Of Snapshot)
420592005,Crystal Palace vs Manchester City,2026-08-28T19:00:00.000000Z,2026-08-24T11:51:20.207460+00:00,True,False,PASS (Causal As-Of Snapshot)
420592009,Deportivo Alavés vs Villarreal,2026-08-28T19:30:00.000000Z,2026-08-24T11:51:20.207460+00:00,True,False,PASS (Causal As-Of Snapshot)
420592461,Liverpool vs Nottingham Forest,2026-08-29T11:30:00.000000Z,2026-08-24T11:51:20.207460+00:00,True,False,PASS (Causal As-Of Snapshot)
420592587,RB Leipzig vs Borussia Mönchengladbach,2026-08-29T13:30:00.000000Z,2026-08-24T11:51:20.207460+00:00,True,False,PASS (Causal As-Of Snapshot)
420592583,Elversberg vs Bayer 04 Leverkusen,2026-08-29T13:30:00.000000Z,2026-08-24T11:51:20.207460+00:00,True,False,PASS (Causal As-Of Snapshot)
420592584,FC Köln vs TSG Hoffenheim,2026-08-29T13:30:00.000000Z,2026-08-24T11:51:20.207460+00:00,True,False,PASS (Causal As-Of Snapshot)
420592586,FSV Mainz 05 vs Paderborn,2026-08-29T13:30:00.000000Z,2026-08-24T11:51:20.207460+00:00,True,False,PASS (Causal As-Of Snapshot)
420592585,FC Union Berlin vs Eintracht Frankfurt,2026-08-29T13:30:00.000000Z,2026-08-24T11:51:20.207460+00:00,True,False,PASS (Causal As-Of Snapshot)
420592601,Coventry City vs Hull City,2026-08-29T14:00:00.000000Z,2026-08-24T11:51:20.207460+00:00,True,False,PASS (Causal As-Of Snapshot)
420592602,AFC Bournemouth vs Everton,2026-08-29T14:00:00.000000Z,2026-08-24T11:51:20.207460+00:00,True,False,PASS (Causal As-Of Snapshot)
420592841,Levante vs Real Betis,2026-08-29T15:00:00.000000Z,2026-08-24T11:51:20.207460+00:00,True,False,PASS (Causal As-Of Snapshot)
420592903,Strasbourg vs Lens,2026-08-29T15:15:00.000000Z,2026-08-24T11:51:20.207460+00:00,True,False,PASS (Causal As-Of Snapshot)
420592938,Sassuolo vs Torino,2026-08-29T16:30:00.000000Z,2026-08-24T11:51:20.207460+00:00,True,False,PASS (Causal As-Of Snapshot)
420592939,Monza vs Udinese,2026-08-29T16:30:00.000000Z,2026-08-24T11:51:20.207460+00:00,True,False,PASS (Causal As-Of Snapshot)
420592940,Fiorentina vs Frosinone,2026-08-29T16:30:00.000000Z,2026-08-24T11:51:20.207460+00:00,True,False,PASS (Causal As-Of Snapshot)
420592941,Tottenham Hotspur vs Newcastle United,2026-08-29T16:30:00.000000Z,2026-08-24T11:51:20.207460+00:00,True,False,PASS (Causal As-Of Snapshot)
420592944,Borussia Dortmund vs Hamburger SV,2026-08-29T16:30:00.000000Z,2026-08-24T11:51:20.207460+00:00,True,False,PASS (Causal As-Of Snapshot)
420592952,Real Sociedad vs Espanyol,2026-08-29T17:00:00.000000Z,2026-08-24T11:51:20.207460+00:00,True,False,PASS (Causal As-Of Snapshot)
420592997,Lorient vs Troyes,2026-08-29T18:45:00.000000Z,2026-08-24T11:51:20.207460+00:00,True,False,PASS (Causal As-Of Snapshot)
420592999,Auxerre vs Angers SCO,2026-08-29T18:45:00.000000Z,2026-08-24T11:51:20.207460+00:00,True,False,PASS (Causal As-Of Snapshot)
420592998,Brest vs Toulouse,2026-08-29T18:45:00.000000Z,2026-08-24T11:51:20.207460+00:00,True,False,PASS (Causal As-Of Snapshot)
420592995,Juventus vs Parma,2026-08-29T18:45:00.000000Z,2026-08-24T11:51:20.207460+00:00,True,False,PASS (Causal As-Of Snapshot)
420592996,Olympique Lyonnais vs Le Havre,2026-08-29T18:45:00.000000Z,2026-08-24T11:51:20.207460+00:00,True,False,PASS (Causal As-Of Snapshot)
420593006,Sevilla vs Atlético de Madrid,2026-08-29T19:30:00.000000Z,2026-08-24T11:51:20.207460+00:00,True,False,PASS (Causal As-Of Snapshot)
420593587,Chelsea vs Brighton & Hove Albion,2026-08-30T13:00:00.000000Z,2026-08-24T11:51:20.207460+00:00,True,False,PASS (Causal As-Of Snapshot)
420593586,Leeds United vs Brentford,2026-08-30T13:00:00.000000Z,2026-08-24T11:51:20.207460+00:00,True,False,PASS (Causal As-Of Snapshot)
420593585,Sunderland vs Fulham,2026-08-30T13:00:00.000000Z,2026-08-24T11:51:20.207460+00:00,True,False,PASS (Causal As-Of Snapshot)
420593584,Paris vs Nice,2026-08-30T13:00:00.000000Z,2026-08-24T11:51:20.207460+00:00,True,False,PASS (Causal As-Of Snapshot)
420593696,SC Freiburg vs Werder Bremen,2026-08-30T13:30:00.000000Z,2026-08-24T11:51:20.207460+00:00,True,False,PASS (Causal As-Of Snapshot)
420593770,Real Madrid vs Málaga,2026-08-30T15:00:00.000000Z,2026-08-24T11:51:20.207460+00:00,True,False,PASS (Causal As-Of Snapshot)
420593778,Rennes vs Le Mans,2026-08-30T15:15:00.000000Z,2026-08-24T11:51:20.207460+00:00,True,False,PASS (Causal As-Of Snapshot)
420593779,Manchester United vs Ipswich Town,2026-08-30T15:30:00.000000Z,2026-08-24T11:51:20.207460+00:00,True,False,PASS (Causal As-Of Snapshot)
420593780,FC Augsburg vs Schalke 04,2026-08-30T15:30:00.000000Z,2026-08-24T11:51:20.207460+00:00,True,False,PASS (Causal As-Of Snapshot)
420593795,Napoli vs Como,2026-08-30T16:30:00.000000Z,2026-08-24T11:51:20.207460+00:00,True,False,PASS (Causal As-Of Snapshot)
420593808,Deportivo A Coruña vs Valencia,2026-08-30T17:30:00.000000Z,2026-08-24T11:51:20.207460+00:00,True,False,PASS (Causal As-Of Snapshot)
420593827,Lazio vs Genoa,2026-08-30T18:45:00.000000Z,2026-08-24T11:51:20.207460+00:00,True,False,PASS (Causal As-Of Snapshot)
420593829,Monaco vs Olympique Marseille,2026-08-30T18:45:00.000000Z,2026-08-24T11:51:20.207460+00:00,True,False,PASS (Causal As-Of Snapshot)
420593828,Cagliari vs Inter,2026-08-30T18:45:00.000000Z,2026-08-24T11:51:20.207460+00:00,True,False,PASS (Causal As-Of Snapshot)
420593832,Celta de Vigo vs Athletic Club,2026-08-30T19:30:00.000000Z,2026-08-24T11:51:20.207460+00:00,True,False,PASS (Causal As-Of Snapshot)
420599457,Lecce vs Roma,2026-08-31T16:30:00.000000Z,2026-08-24T11:51:20.207460+00:00,True,False,PASS (Causal As-Of Snapshot)
420599461,Osasuna vs Getafe,2026-08-31T17:30:00.000000Z,2026-08-24T11:51:20.207460+00:00,True,False,PASS (Causal As-Of Snapshot)
