fixture_id,kickoff,league,home_team,away_team,prediction_timestamp,status,v40_p_home,v40_p_draw,v40_p_away,v40_prediction,candidate_p_home,candidate_p_draw,candidate_p_away,candidate_prediction,v40_expected_home_goals,v40_expected_away_goals,candidate_expected_home_goals,candidate_expected_away_goals,candidate_predicted_home_goals,candidate_predicted_away_goals,candidate_predicted_score,draw_risk_score,draw_risk_tier,actual_home_goals,actual_away_goals,actual_result,v40_correct,candidate_correct
420581351,12:15 AM IST,Ligue 1,Olympique Marseille,Strasbourg,2026-08-22T00:00:00Z,FT,0.509,0.232,0.259,H,0.4999,0.263,0.2371,H,1.65,1.05,1.62,1.03,1,1,1-1,0.2081,LOW,4.0,0.0,H,True,True
420581362,12:30 AM IST,Premier League,Arsenal,Coventry City,2026-08-22T00:00:00Z,FT,0.62,0.184,0.196,H,0.523,0.2523,0.2247,H,1.65,1.05,1.62,1.03,1,1,1-1,0.065,LOW,3.0,0.0,H,True,True
420581363,12:30 AM IST,La Liga,Real Betis,Real Sociedad,2026-08-22T00:00:00Z,FT,0.543,0.222,0.236,H,0.5068,0.2607,0.2325,H,1.65,1.05,1.62,1.03,1,1,1-1,0.177,LOW,1.0,0.0,H,True,True
420581845,05:00 PM IST,Premier League,Hull City,Manchester United,2026-08-22T00:00:00Z,FT,0.342,0.262,0.396,A,0.2692,0.2728,0.458,A,1.1,1.6,1.08,1.57,1,1,1-1,0.6765,HIGH,2.0,0.0,H,False,False
420582048,07:30 PM IST,Premier League,Nottingham Forest,Leeds United,2026-08-22T00:00:00Z,FT,0.454,0.245,0.301,H,0.4887,0.2658,0.2454,H,1.65,1.05,1.62,1.03,1,1,1-1,0.4093,MEDIUM,0.0,1.0,A,False,False
420582049,07:30 PM IST,Premier League,Ipswich Town,Sunderland,2026-08-22T00:00:00Z,FT,0.316,0.271,0.413,A,0.2639,0.2747,0.4613,A,1.1,1.6,1.08,1.57,1,1,1-1,0.5673,MEDIUM,2.0,1.0,H,False,False
420582050,07:30 PM IST,Premier League,Everton,Crystal Palace,2026-08-22T00:00:00Z,FT,0.44,0.258,0.303,H,0.4857,0.2686,0.2457,H,1.65,1.05,1.62,1.03,1,1,1-1,0.4708,MEDIUM,2.0,0.0,H,True,True
420582189,08:30 PM IST,La Liga,Athletic Club,Sevilla,2026-08-22T00:00:00Z,FT,0.455,0.252,0.293,H,0.4889,0.2673,0.2438,H,1.65,1.05,1.62,1.03,1,1,1-1,0.4177,MEDIUM,1.0,3.0,A,False,False
420582220,08:45 PM IST,Ligue 1,Lens,Auxerre,2026-08-22T00:00:00Z,FT,0.61,0.195,0.195,H,0.5208,0.2548,0.2244,H,1.65,1.05,1.62,1.03,1,1,1-1,0.0946,LOW,5.0,2.0,H,True,True
420582255,10:00 PM IST,Serie A,Inter,Monza,2026-08-22T00:00:00Z,FT,0.789,0.108,0.103,H,0.5592,0.2346,0.2062,H,1.65,1.05,1.62,1.03,1,1,1-1,0.065,LOW,4.0,1.0,H,True,True
420582256,10:00 PM IST,Premier League,Brentford,Tottenham Hotspur,2026-08-22T00:00:00Z,FT,0.422,0.243,0.335,H,0.4824,0.2654,0.2523,H,1.65,1.05,1.62,1.03,1,1,1-1,0.4973,MEDIUM,3.0,0.0,H,True,True
420582254,10:00 PM IST,Serie A,Udinese,Como,2026-08-22T00:00:00Z,FT,0.292,0.275,0.432,A,0.2592,0.2756,0.4652,A,1.1,1.6,1.08,1.57,1,1,1-1,0.5187,MEDIUM,1.0,1.0,D,False,False
420582269,11:00 PM IST,La Liga,Valencia,Celta de Vigo,2026-08-22T00:00:00Z,FT,0.464,0.264,0.272,H,0.4906,0.2699,0.2395,H,1.65,1.05,1.62,1.03,1,1,1-1,0.4112,MEDIUM,0.0,0.0,D,False,False
420582305,12:15 AM IST,Ligue 1,Nice,Lorient,2026-08-22T00:00:00Z,FT,0.393,0.265,0.341,H,0.4764,0.2702,0.2534,H,1.65,1.05,1.62,1.03,1,1,1-1,0.689,HIGH,0.0,0.0,D,False,False
420582304,12:15 AM IST,Ligue 1,Toulouse,Olympique Lyonnais,2026-08-22T00:00:00Z,FT,0.338,0.267,0.395,A,0.2684,0.2739,0.4578,A,1.1,1.6,1.08,1.57,1,1,1-1,0.6872,HIGH,0.0,2.0,A,True,True
420582303,12:15 AM IST,Ligue 1,Troyes,Paris,2026-08-22T00:00:00Z,FT,0.226,0.233,0.541,A,0.2462,0.2665,0.4874,A,1.1,1.6,1.08,1.57,1,1,1-1,0.2111,LOW,0.0,0.0,D,False,False
420582302,12:15 AM IST,Serie A,Genoa,Napoli,2026-08-22T00:00:00Z,FT,0.277,0.263,0.46,A,0.2562,0.273,0.4708,A,1.1,1.6,1.08,1.57,1,1,1-1,0.421,MEDIUM,0.0,2.0,A,True,True
420582301,12:15 AM IST,Serie A,Parma,Cagliari,2026-08-22T00:00:00Z,FT,0.353,0.274,0.373,A,0.2713,0.2754,0.4533,A,1.1,1.6,1.08,1.57,1,1,1-1,0.7606,HIGH,0.0,1.0,A,True,True
420582306,12:15 AM IST,Ligue 1,Le Mans,Brest,2026-08-22T00:00:00Z,FT,0.458,0.26,0.281,H,0.4895,0.2691,0.2414,H,1.65,1.05,1.62,1.03,1,1,1-1,0.421,MEDIUM,2.0,2.0,D,False,False
420582312,01:00 AM IST,La Liga,Espanyol,Real Madrid,2026-08-22T00:00:00Z,FT,0.255,0.226,0.518,A,0.2521,0.265,0.4829,A,1.1,1.6,1.08,1.57,1,1,1-1,0.1906,LOW,1.0,2.0,A,True,True
420583619,06:30 PM IST,Ligue 1,Angers SCO,LOSC Lille,2026-08-22T00:00:00Z,FT,0.222,0.245,0.533,A,0.2453,0.2691,0.4856,A,1.1,1.6,1.08,1.57,1,1,1-1,0.3274,LOW,0.0,2.0,A,True,True
420583623,06:30 PM IST,Premier League,Brighton & Hove Albion,Aston Villa,2026-08-22T00:00:00Z,FT,0.481,0.244,0.275,H,0.4942,0.2656,0.2402,H,1.65,1.05,1.62,1.03,1,1,1-1,0.3307,LOW,4.0,0.0,H,True,True
420583622,06:30 PM IST,Premier League,Manchester City,AFC Bournemouth,2026-08-22T00:00:00Z,FT,0.607,0.192,0.201,H,0.5202,0.2541,0.2257,H,1.65,1.05,1.62,1.03,1,1,1-1,0.0853,LOW,2.0,1.0,H,True,True
420583743,08:30 PM IST,La Liga,Atlético de Madrid,Villarreal,2026-08-22T00:00:00Z,FT,0.402,0.249,0.348,H,0.4784,0.2667,0.2549,H,1.65,1.05,1.62,1.03,1,1,1-1,0.6382,MEDIUM,2.0,2.0,D,False,False
420583751,08:45 PM IST,Ligue 1,Le Havre,Monaco,2026-08-22T00:00:00Z,FT,0.33,0.265,0.404,A,0.2668,0.2735,0.4597,A,1.1,1.6,1.08,1.57,1,1,1-1,0.5827,MEDIUM,0.0,1.0,A,True,True
420583753,09:00 PM IST,Premier League,Newcastle United,Liverpool,2026-08-22T00:00:00Z,FT,0.353,0.263,0.384,A,0.2714,0.273,0.4556,A,1.1,1.6,1.08,1.57,1,1,1-1,0.7122,HIGH,2.0,2.0,D,False,False
420583777,10:00 PM IST,Serie A,Venezia,Lecce,2026-08-22T00:00:00Z,FT,0.4,0.284,0.316,H,0.4776,0.2742,0.2482,H,1.65,1.05,1.62,1.03,1,1,1-1,0.6244,MEDIUM,0.0,2.0,A,False,False
420583778,10:00 PM IST,Serie A,Frosinone,Juventus,2026-08-22T00:00:00Z,FT,0.284,0.248,0.467,A,0.2577,0.2698,0.4724,A,1.1,1.6,1.08,1.57,1,1,1-1,0.3761,LOW,0.0,1.0,A,True,True
420583789,11:00 PM IST,La Liga,Getafe,Racing Santander,2026-08-22T00:00:00Z,FT,0.389,0.277,0.334,H,0.4755,0.2727,0.2518,H,1.65,1.05,1.62,1.03,1,1,1-1,0.7198,HIGH,1.0,0.0,H,True,True
420583814,12:15 AM IST,Ligue 1,Rennes,Paris Saint Germain,2026-08-22T00:00:00Z,FT,0.343,0.245,0.412,A,0.2695,0.2691,0.4614,A,1.1,1.6,1.08,1.57,1,1,1-1,0.529,MEDIUM,2.0,2.0,D,False,False
420583813,12:15 AM IST,Serie A,Atalanta,Sassuolo,2026-08-22T00:00:00Z,FT,0.554,0.214,0.232,H,0.5092,0.259,0.2318,H,1.65,1.05,1.62,1.03,1,1,1-1,0.1532,LOW,2.0,1.0,H,True,True
420583812,12:15 AM IST,Serie A,Torino,AC Milan,2026-08-22T00:00:00Z,FT,0.361,0.272,0.367,A,0.2729,0.2749,0.4521,A,1.1,1.6,1.08,1.57,1,1,1-1,0.7746,HIGH,1.0,2.0,A,True,True
420583819,01:00 AM IST,La Liga,Elche,FC Barcelona,2026-08-22T00:00:00Z,FT,0.248,0.216,0.536,A,0.2507,0.2627,0.4866,A,1.1,1.6,1.08,1.57,1,1,1-1,0.1593,LOW,0.0,5.0,A,True,True
420587320,2026-08-24T16:30:00.000000Z,Serie A,Bologna,Lazio,2026-08-24T11:51:20.207460+00:00,NS,0.421,0.278,0.3,H,0.4819,0.273,0.2451,H,1.65,1.05,1.62,1.03,1,1,1-1,0.4954,MEDIUM,,,,,
420587324,2026-08-24T17:30:00.000000Z,La Liga,Osasuna,Levante,2026-08-24T11:51:20.207460+00:00,NS,0.417,0.251,0.332,H,0.4813,0.2671,0.2516,H,1.65,1.05,1.62,1.03,1,1,1-1,0.4651,MEDIUM,,,,,
420587329,2026-08-24T18:45:00.000000Z,Serie A,Roma,Fiorentina,2026-08-24T11:51:20.207460+00:00,NS,0.568,0.22,0.212,H,0.5119,0.2603,0.2277,H,1.65,1.05,1.62,1.03,1,1,1-1,0.1923,LOW,,,,,
420587333,2026-08-24T19:00:00.000000Z,Premier League,Fulham,Chelsea,2026-08-24T11:51:20.207460+00:00,NS,0.419,0.271,0.31,H,0.4815,0.2714,0.2471,H,1.65,1.05,1.62,1.03,1,1,1-1,0.4909,MEDIUM,,,,,
420587334,2026-08-24T19:30:00.000000Z,La Liga,Málaga,Deportivo A Coruña,2026-08-24T11:51:20.207460+00:00,NS,0.426,0.261,0.313,H,0.483,0.2693,0.2477,H,1.65,1.05,1.62,1.03,1,1,1-1,0.4553,MEDIUM,,,,,
420591039,2026-08-25T19:00:00.000000Z,La Liga,Valencia,Real Betis,2026-08-24T11:51:20.207460+00:00,NS,0.379,0.28,0.341,H,0.4734,0.2734,0.2532,H,1.65,1.05,1.62,1.03,1,1,1-1,0.6186,MEDIUM,,,,,
420591236,2026-08-26T19:00:00.000000Z,La Liga,Real Madrid,Real Sociedad,2026-08-24T11:51:20.207460+00:00,NS,0.672,0.165,0.163,H,0.5339,0.248,0.2181,H,1.65,1.05,1.62,1.03,1,1,1-1,0.0857,LOW,,,,,
420579222,2026-08-27T18:30:00.000000Z,La Liga,Celta de Vigo,Osasuna,2026-08-24T11:51:20.207460+00:00,NS,0.394,0.253,0.353,H,0.4767,0.2676,0.2558,H,1.65,1.05,1.62,1.03,1,1,1-1,0.5338,MEDIUM,,,,,
420591557,2026-08-27T19:00:00.000000Z,La Liga,FC Barcelona,Athletic Club,2026-08-24T11:51:20.207460+00:00,NS,0.636,0.173,0.191,H,0.5264,0.2498,0.2238,H,1.65,1.05,1.62,1.03,1,1,1-1,0.0857,LOW,,,,,
420591910,2026-08-28T17:00:00.000000Z,La Liga,Racing Santander,Elche,2026-08-24T11:51:20.207460+00:00,NS,0.453,0.255,0.292,H,0.4884,0.268,0.2436,H,1.65,1.05,1.62,1.03,1,1,1-1,0.3689,LOW,,,,,
420591966,2026-08-28T18:30:00.000000Z,Bundesliga,FC Bayern München,VfB Stuttgart,2026-08-24T11:51:20.207460+00:00,NS,0.673,0.154,0.172,H,0.5344,0.2455,0.2201,H,1.65,1.05,1.62,1.03,1,1,1-1,0.0857,LOW,,,,,
420591974,2026-08-28T18:45:00.000000Z,Ligue 1,LOSC Lille,Paris Saint Germain,2026-08-24T11:51:20.207460+00:00,NS,0.355,0.274,0.372,A,0.2716,0.2753,0.453,A,1.1,1.6,1.08,1.57,1,1,1-1,0.6627,HIGH,,,,,
420591973,2026-08-28T18:45:00.000000Z,Serie A,AC Milan,Venezia,2026-08-24T11:51:20.207460+00:00,NS,0.565,0.204,0.231,H,0.5116,0.2568,0.2316,H,1.65,1.05,1.62,1.03,1,1,1-1,0.1432,LOW,,,,,
420592005,2026-08-28T19:00:00.000000Z,Premier League,Crystal Palace,Manchester City,2026-08-24T11:51:20.207460+00:00,NS,0.241,0.225,0.534,A,0.2492,0.2647,0.4861,A,1.1,1.6,1.08,1.57,1,1,1-1,0.2404,LOW,,,,,
420592009,2026-08-28T19:30:00.000000Z,La Liga,Deportivo Alavés,Villarreal,2026-08-24T11:51:20.207460+00:00,NS,0.368,0.262,0.37,A,0.2744,0.2728,0.4528,A,1.1,1.6,1.08,1.57,1,1,1-1,0.649,MEDIUM,,,,,
420592461,2026-08-29T11:30:00.000000Z,Premier League,Liverpool,Nottingham Forest,2026-08-24T11:51:20.207460+00:00,NS,0.519,0.216,0.265,H,0.5021,0.2595,0.2384,H,1.65,1.05,1.62,1.03,1,1,1-1,0.1801,LOW,,,,,
420592587,2026-08-29T13:30:00.000000Z,Bundesliga,RB Leipzig,Borussia Mönchengladbach,2026-08-24T11:51:20.207460+00:00,NS,0.601,0.196,0.203,H,0.5189,0.255,0.2261,H,1.65,1.05,1.62,1.03,1,1,1-1,0.1185,LOW,,,,,
420592583,2026-08-29T13:30:00.000000Z,Bundesliga,Elversberg,Bayer 04 Leverkusen,2026-08-24T11:51:20.207460+00:00,NS,0.32,0.245,0.435,A,0.2649,0.2691,0.466,A,1.1,1.6,1.08,1.57,1,1,1-1,0.437,MEDIUM,,,,,
420592584,2026-08-29T13:30:00.000000Z,Bundesliga,FC Köln,TSG Hoffenheim,2026-08-24T11:51:20.207460+00:00,NS,0.378,0.261,0.361,H,0.4734,0.2693,0.2573,H,1.65,1.05,1.62,1.03,1,1,1-1,0.5919,MEDIUM,,,,,
420592586,2026-08-29T13:30:00.000000Z,Bundesliga,FSV Mainz 05,Paderborn,2026-08-24T11:51:20.207460+00:00,NS,0.485,0.245,0.27,H,0.495,0.2658,0.2392,H,1.65,1.05,1.62,1.03,1,1,1-1,0.2681,LOW,,,,,
420592585,2026-08-29T13:30:00.000000Z,Bundesliga,FC Union Berlin,Eintracht Frankfurt,2026-08-24T11:51:20.207460+00:00,NS,0.371,0.272,0.357,H,0.4719,0.2717,0.2564,H,1.65,1.05,1.62,1.03,1,1,1-1,0.6289,MEDIUM,,,,,
420592601,2026-08-29T14:00:00.000000Z,Premier League,Coventry City,Hull City,2026-08-24T11:51:20.207460+00:00,NS,0.422,0.257,0.321,H,0.4822,0.2684,0.2494,H,1.65,1.05,1.62,1.03,1,1,1-1,0.4604,MEDIUM,,,,,
420592602,2026-08-29T14:00:00.000000Z,Premier League,AFC Bournemouth,Everton,2026-08-24T11:51:20.207460+00:00,NS,0.517,0.231,0.252,H,0.5015,0.2628,0.2357,H,1.65,1.05,1.62,1.03,1,1,1-1,0.2258,LOW,,,,,
420592841,2026-08-29T15:00:00.000000Z,La Liga,Levante,Real Betis,2026-08-24T11:51:20.207460+00:00,NS,0.416,0.262,0.322,H,0.481,0.2695,0.2495,H,1.65,1.05,1.62,1.03,1,1,1-1,0.4853,MEDIUM,,,,,
420592903,2026-08-29T15:15:00.000000Z,Ligue 1,Strasbourg,Lens,2026-08-24T11:51:20.207460+00:00,NS,0.316,0.261,0.423,A,0.264,0.2726,0.4634,A,1.1,1.6,1.08,1.57,1,1,1-1,0.4967,MEDIUM,,,,,
420592938,2026-08-29T16:30:00.000000Z,Serie A,Sassuolo,Torino,2026-08-24T11:51:20.207460+00:00,NS,0.401,0.267,0.332,H,0.4779,0.2706,0.2515,H,1.65,1.05,1.62,1.03,1,1,1-1,0.5359,MEDIUM,,,,,
420592939,2026-08-29T16:30:00.000000Z,Serie A,Monza,Udinese,2026-08-24T11:51:20.207460+00:00,NS,0.293,0.26,0.447,A,0.2594,0.2724,0.4682,A,1.1,1.6,1.08,1.57,1,1,1-1,0.4268,MEDIUM,,,,,
420592940,2026-08-29T16:30:00.000000Z,Serie A,Fiorentina,Frosinone,2026-08-24T11:51:20.207460+00:00,NS,0.443,0.241,0.316,H,0.4866,0.265,0.2485,H,1.65,1.05,1.62,1.03,1,1,1-1,0.3749,LOW,,,,,
420592941,2026-08-29T16:30:00.000000Z,Premier League,Tottenham Hotspur,Newcastle United,2026-08-24T11:51:20.207460+00:00,NS,0.414,0.269,0.317,H,0.4805,0.271,0.2485,H,1.65,1.05,1.62,1.03,1,1,1-1,0.502,MEDIUM,,,,,
420592944,2026-08-29T16:30:00.000000Z,Bundesliga,Borussia Dortmund,Hamburger SV,2026-08-24T11:51:20.207460+00:00,NS,0.627,0.183,0.19,H,0.5244,0.2521,0.2235,H,1.65,1.05,1.62,1.03,1,1,1-1,0.0857,LOW,,,,,
420592952,2026-08-29T17:00:00.000000Z,La Liga,Real Sociedad,Espanyol,2026-08-24T11:51:20.207460+00:00,NS,0.463,0.242,0.295,H,0.4906,0.2652,0.2442,H,1.65,1.05,1.62,1.03,1,1,1-1,0.3195,LOW,,,,,
420592997,2026-08-29T18:45:00.000000Z,Ligue 1,Lorient,Troyes,2026-08-24T11:51:20.207460+00:00,NS,0.619,0.195,0.186,H,0.5226,0.2548,0.2226,H,1.65,1.05,1.62,1.03,1,1,1-1,0.1154,LOW,,,,,
420592999,2026-08-29T18:45:00.000000Z,Ligue 1,Auxerre,Angers SCO,2026-08-24T11:51:20.207460+00:00,NS,0.525,0.245,0.23,H,0.503,0.2658,0.2312,H,1.65,1.05,1.62,1.03,1,1,1-1,0.2681,LOW,,,,,
420592998,2026-08-29T18:45:00.000000Z,Ligue 1,Brest,Toulouse,2026-08-24T11:51:20.207460+00:00,NS,0.397,0.262,0.341,H,0.4772,0.2695,0.2533,H,1.65,1.05,1.62,1.03,1,1,1-1,0.5394,MEDIUM,,,,,
420592995,2026-08-29T18:45:00.000000Z,Serie A,Juventus,Parma,2026-08-24T11:51:20.207460+00:00,NS,0.674,0.175,0.152,H,0.5339,0.2502,0.2158,H,1.65,1.05,1.62,1.03,1,1,1-1,0.0857,LOW,,,,,
420592996,2026-08-29T18:45:00.000000Z,Ligue 1,Olympique Lyonnais,Le Havre,2026-08-24T11:51:20.207460+00:00,NS,0.559,0.207,0.233,H,0.5104,0.2575,0.2321,H,1.65,1.05,1.62,1.03,1,1,1-1,0.1531,LOW,,,,,
420593006,2026-08-29T19:30:00.000000Z,La Liga,Sevilla,Atlético de Madrid,2026-08-24T11:51:20.207460+00:00,NS,0.372,0.264,0.365,H,0.4721,0.2699,0.258,H,1.65,1.05,1.62,1.03,1,1,1-1,0.6143,MEDIUM,,,,,
420593587,2026-08-30T13:00:00.000000Z,Premier League,Chelsea,Brighton & Hove Albion,2026-08-24T11:51:20.207460+00:00,NS,0.356,0.26,0.384,A,0.272,0.2724,0.4556,A,1.1,1.6,1.08,1.57,1,1,1-1,0.6061,MEDIUM,,,,,
420593586,2026-08-30T13:00:00.000000Z,Premier League,Leeds United,Brentford,2026-08-24T11:51:20.207460+00:00,NS,0.444,0.26,0.296,H,0.4866,0.2691,0.2443,H,1.65,1.05,1.62,1.03,1,1,1-1,0.4025,MEDIUM,,,,,
420593585,2026-08-30T13:00:00.000000Z,Premier League,Sunderland,Fulham,2026-08-24T11:51:20.207460+00:00,NS,0.4,0.27,0.33,H,0.4777,0.2712,0.2511,H,1.65,1.05,1.62,1.03,1,1,1-1,0.5434,MEDIUM,,,,,
420593584,2026-08-30T13:00:00.000000Z,Ligue 1,Paris,Nice,2026-08-24T11:51:20.207460+00:00,NS,0.494,0.252,0.254,H,0.4967,0.2673,0.236,H,1.65,1.05,1.62,1.03,1,1,1-1,0.2892,LOW,,,,,
420593696,2026-08-30T13:30:00.000000Z,Bundesliga,SC Freiburg,Werder Bremen,2026-08-24T11:51:20.207460+00:00,NS,0.485,0.24,0.275,H,0.495,0.2647,0.2403,H,1.65,1.05,1.62,1.03,1,1,1-1,0.2535,LOW,,,,,
420593770,2026-08-30T15:00:00.000000Z,La Liga,Real Madrid,Málaga,2026-08-24T11:51:20.207460+00:00,NS,0.628,0.18,0.192,H,0.5247,0.2514,0.2239,H,1.65,1.05,1.62,1.03,1,1,1-1,0.0857,LOW,,,,,
420593778,2026-08-30T15:15:00.000000Z,Ligue 1,Rennes,Le Mans,2026-08-24T11:51:20.207460+00:00,NS,0.553,0.207,0.239,H,0.5092,0.2575,0.2333,H,1.65,1.05,1.62,1.03,1,1,1-1,0.1531,LOW,,,,,
420593779,2026-08-30T15:30:00.000000Z,Premier League,Manchester United,Ipswich Town,2026-08-24T11:51:20.207460+00:00,NS,0.659,0.168,0.173,H,0.5312,0.2487,0.2201,H,1.65,1.05,1.62,1.03,1,1,1-1,0.0857,LOW,,,,,
420593780,2026-08-30T15:30:00.000000Z,Bundesliga,FC Augsburg,Schalke 04,2026-08-24T11:51:20.207460+00:00,NS,0.506,0.221,0.273,H,0.4995,0.2606,0.24,H,1.65,1.05,1.62,1.03,1,1,1-1,0.1954,LOW,,,,,
420593795,2026-08-30T16:30:00.000000Z,Serie A,Napoli,Como,2026-08-24T11:51:20.207460+00:00,NS,0.401,0.265,0.333,H,0.478,0.2702,0.2518,H,1.65,1.05,1.62,1.03,1,1,1-1,0.532,MEDIUM,,,,,
420593808,2026-08-30T17:30:00.000000Z,La Liga,Deportivo A Coruña,Valencia,2026-08-24T11:51:20.207460+00:00,NS,0.41,0.268,0.322,H,0.4797,0.2708,0.2495,H,1.65,1.05,1.62,1.03,1,1,1-1,0.5118,MEDIUM,,,,,
420593827,2026-08-30T18:45:00.000000Z,Serie A,Lazio,Genoa,2026-08-24T11:51:20.207460+00:00,NS,0.482,0.251,0.267,H,0.4943,0.2671,0.2386,H,1.65,1.05,1.62,1.03,1,1,1-1,0.2862,LOW,,,,,
420593829,2026-08-30T18:45:00.000000Z,Ligue 1,Monaco,Olympique Marseille,2026-08-24T11:51:20.207460+00:00,NS,0.429,0.244,0.327,H,0.4837,0.2656,0.2506,H,1.65,1.05,1.62,1.03,1,1,1-1,0.4197,MEDIUM,,,,,
420593828,2026-08-30T18:45:00.000000Z,Serie A,Cagliari,Inter,2026-08-24T11:51:20.207460+00:00,NS,0.246,0.214,0.539,A,0.2503,0.2624,0.4873,A,1.1,1.6,1.08,1.57,1,1,1-1,0.2074,LOW,,,,,
420593832,2026-08-30T19:30:00.000000Z,La Liga,Celta de Vigo,Athletic Club,2026-08-24T11:51:20.207460+00:00,NS,0.367,0.266,0.367,A,0.2742,0.2737,0.4522,A,1.1,1.6,1.08,1.57,1,1,1-1,0.6638,HIGH,,,,,
420599457,2026-08-31T16:30:00.000000Z,Serie A,Lecce,Roma,2026-08-24T11:51:20.207460+00:00,NS,0.23,0.241,0.529,A,0.2469,0.2682,0.4848,A,1.1,1.6,1.08,1.57,1,1,1-1,0.2889,LOW,,,,,
420599461,2026-08-31T17:30:00.000000Z,La Liga,Osasuna,Getafe,2026-08-24T11:51:20.207460+00:00,NS,0.446,0.271,0.284,H,0.4868,0.2714,0.2418,H,1.65,1.05,1.62,1.03,1,1,1-1,0.415,MEDIUM,,,,,
